塔林,2016-02-24,2017-12-31
米兰,2016-09-01,2017-04-16
巴黎,2016-09-01,2017-04-30
汉堡,2016-09-01,2017-12-31
科隆,2016-09-01,2017-12-31
马赛,2016-09-01,2017-12-31
华沙,2016-11-01,2017-12-31
柏林,2016-12-01,2017-04-30
罗马,2016-12-01,2017-04-30
里昂,2016-12-04,2017-04-30
尼斯,2016-12-27,2017-12-31
雅典,2017-02-04,2017-06-30
里加,2017-02-07,2017-12-31
伦敦,2017-02-15,2017-04-30
米兰,2017-04-17,2017-04-22
米兰,2017-04-23,2017-04-30
里昂,2017-05-01,2017-10-08
伦敦,2017-05-01,2017-10-31
巴黎,2017-05-01,2017-10-31
柏林,2017-05-01,2017-10-31
米兰,2017-05-01,2017-10-31
罗马,2017-05-01,2017-10-31
雅典,2017-07-01,2017-08-31
雅典,2017-09-01,2017-09-30
雅典,2017-10-01,2017-10-08
里昂,2017-10-09,2017-12-31
雅典,2017-10-09,2017-12-31
伦敦,2017-11-01,2017-12-23
巴黎,2017-11-01,2017-12-31
柏林,2017-11-01,2017-12-31
米兰,2017-11-01,2017-12-31
罗马,2017-11-01,2017-12-31
伦敦,2017-12-24,2017-12-26
伦敦,2017-12-27,2017-12-31
都灵,2017-3-21,2017-12-31
摩纳哥,2015-12-20,2017-12-31
瓦杜兹,2016-03-03,2017-04-30
索菲亚,2016-05-06,2017-12-31
汉诺威,2016-09-01,2017-12-31
里窝那,2016-09-01,2017-12-31
布拉格,2016-09-30,2017-12-31
慕尼黑,2016-10-08,2017-12-31
里斯本,2016-10-18,2017-04-30
奥斯陆,2016-11-01,2017-04-30
不莱梅,2016-11-01,2017-12-31
卢森堡,2016-11-01,2017-12-31
维也纳,2016-11-01,2017-12-31
日内瓦,2016-12-08,2017-12-31
苏黎世,2016-12-08,2017-12-31
都柏林,2016-12-27,2017-04-30
伯明翰,2017-02-15,2017-04-30
爱丁堡,2017-02-15,2017-04-30
马德里,2017-02-25,2017-03-06
马德里,2017-03-07,2017-04-30
伯明翰,2017-05-01,2017-10-31
奥斯陆,2017-05-01,2017-10-31
爱丁堡,2017-05-01,2017-10-31
都柏林,2017-05-01,2017-10-31
里斯本,2017-05-01,2017-10-31
马德里,2017-05-01,2017-10-31
伯明翰,2017-11-01,2017-12-23
爱丁堡,2017-11-01,2017-12-23
都柏林,2017-11-01,2017-12-23
奥斯陆,2017-11-01,2017-12-31
里斯本,2017-11-01,2017-12-31
马德里,2017-11-01,2017-12-31
伯明翰,2017-12-24,2017-12-26
爱丁堡,2017-12-24,2017-12-26
都柏林,2017-12-24,2017-12-26
伯明翰,2017-12-27,2017-12-31
爱丁堡,2017-12-27,2017-12-31
都柏林,2017-12-27,2017-12-31
莫斯科,2017-3-21,2017-12-31
萨格勒布,2016-02-24,2017-12-31
布鲁塞尔,2016-09-01,2017-12-31
法兰克福,2016-09-01,2017-12-31
哥本哈根,2016-11-01,2017-04-30
赫尔辛基,2016-11-01,2017-04-30
布达佩斯,2016-11-01,2017-12-31
维尔纽斯,2017-02-07,2017-12-31
曼彻斯特,2017-02-15,2017-04-30
巴塞罗那,2017-02-25,2017-03-06
巴塞罗那,2017-03-07,2017-04-30
哥本哈根,2017-05-01,2017-10-31
巴塞罗那,2017-05-01,2017-10-31
曼彻斯特,2017-05-01,2017-10-31
赫尔辛基,2017-05-01,2017-10-31
曼彻斯特,2017-11-01,2017-12-23
哥本哈根,2017-11-01,2017-12-31
巴塞罗那,2017-11-01,2017-12-31
赫尔辛基,2017-11-01,2017-12-31
曼彻斯特,2017-12-24,2017-12-26
曼彻斯特,2017-12-27,2017-12-31
布加勒斯特,2016-02-24,2017-04-30
卢布尔雅那,2016-02-24,2017-12-31
杜塞尔多夫,2016-09-01,2017-04-30
拉斯佩齐亚,2016-09-01,2017-12-31
斯德哥尔摩,2016-11-01,2017-04-30
贝尔格莱德,2017-03-09,2017-12-31
阿姆斯特丹,2017-03-20,2017-12-31
杜塞尔多夫,2017-05-01,2017-05-31
布加勒斯特,2017-05-01,2017-10-31
斯德哥尔摩,2017-05-01,2017-10-31
杜塞尔多夫,2017-06-01,2017-11-14
布加勒斯特,2017-11-01,2017-12-31
斯德哥尔摩,2017-11-01,2017-12-31
杜塞尔多夫,2017-11-15,2017-11-25
杜塞尔多夫,2017-11-26,2017-12-31
布拉迪斯拉发,2016-02-24,2017-12-31
奇维塔韦基亚,2016-09-01,2017-12-31
